{
  "clientLibrary": {
    "name": "github.com/coinbase/waas-client-library-go/gen/go/coinbase/cloud/clients/v1",
    "version": "$VERSION",
    "language": "GO",
    "apis": [
      {
        "id": "coinbase.cloud.mpc_transactions.v1",
        "version": "v1"
      }
    ]
  },
  "snippets": [
    {
      "regionTag": "api_v1_generated_MPCTransactionService_CreateMPCTransaction_sync",
      "title": "api CreateMPCTransaction Sample",
      "description": "CreateMPCTransaction creates an MPCTransaction. The long-running operation returned from this API contains\ninformation about the state of the MPCTransaction that can be used to complete the operation.\nThe LRO is considered Done once the MPCTransaction reaches a state of `CONFIRMING`` (i.e.,\nbroadcast on-chain). See the MPCTransaction documentation for its lifecycle.\nNote: because the creation of MPC operations is asynchronous, ListMPCOperations may return a\nNOT_FOUND error immediately after calling this. To complete the operation, continue polling\nListMPCOperations even after it returns a NOT_FOUND error.",
      "file": "MPCTransactionClient/CreateMPCTransaction/main.go",
      "language": "GO",
      "clientMethod": {
        "shortName": "CreateMPCTransaction",
        "fullName": "coinbase.cloud.mpc_transactions.v1.MPCTransactionClient.CreateMPCTransaction",
        "parameters": [
          {
            "type": "context.Context",
            "name": "ctx"
          },
          {
            "type": "mpc_transactionspb.CreateMPCTransactionRequest",
            "name": "req"
          },
          {
            "type": "...gax.CallOption",
            "name": "opts"
          }
        ],
        "resultType": "CreateMPCTransactionOperation",
        "client": {
          "shortName": "MPCTransactionClient",
          "fullName": "coinbase.cloud.mpc_transactions.v1.MPCTransactionClient"
        },
        "method": {
          "shortName": "CreateMPCTransaction",
          "fullName": "coinbase.cloud.mpc_transactions.v1.MPCTransactionService.CreateMPCTransaction",
          "service": {
            "shortName": "MPCTransactionService",
            "fullName": "coinbase.cloud.mpc_transactions.v1.MPCTransactionService"
          }
        }
      },
      "origin": "API_DEFINITION",
      "segments": [
        {
          "start": 18,
          "end": 58,
          "type": "FULL"
        }
      ]
    },
    {
      "regionTag": "api_v1_generated_MPCTransactionService_GetMPCTransaction_sync",
      "title": "api GetMPCTransaction Sample",
      "description": "GetMPCTransaction gets an MPCTransaction. There can be a delay between when CreateMPCTransaction is called\nand when this API returns an MPCTransaction in the CREATED state.",
      "file": "MPCTransactionClient/GetMPCTransaction/main.go",
      "language": "GO",
      "clientMethod": {
        "shortName": "GetMPCTransaction",
        "fullName": "coinbase.cloud.mpc_transactions.v1.MPCTransactionClient.GetMPCTransaction",
        "parameters": [
          {
            "type": "context.Context",
            "name": "ctx"
          },
          {
            "type": "mpc_transactionspb.GetMPCTransactionRequest",
            "name": "req"
          },
          {
            "type": "...gax.CallOption",
            "name": "opts"
          }
        ],
        "resultType": "*mpc_transactionspb.MPCTransaction",
        "client": {
          "shortName": "MPCTransactionClient",
          "fullName": "coinbase.cloud.mpc_transactions.v1.MPCTransactionClient"
        },
        "method": {
          "shortName": "GetMPCTransaction",
          "fullName": "coinbase.cloud.mpc_transactions.v1.MPCTransactionService.GetMPCTransaction",
          "service": {
            "shortName": "MPCTransactionService",
            "fullName": "coinbase.cloud.mpc_transactions.v1.MPCTransactionService"
          }
        }
      },
      "origin": "API_DEFINITION",
      "segments": [
        {
          "start": 18,
          "end": 53,
          "type": "FULL"
        }
      ]
    },
    {
      "regionTag": "api_v1_generated_MPCTransactionService_ListMPCTransactions_sync",
      "title": "api ListMPCTransactions Sample",
      "description": "ListMPCTransactions returns a list of MPCTransactions in an MPCWallet.",
      "file": "MPCTransactionClient/ListMPCTransactions/main.go",
      "language": "GO",
      "clientMethod": {
        "shortName": "ListMPCTransactions",
        "fullName": "coinbase.cloud.mpc_transactions.v1.MPCTransactionClient.ListMPCTransactions",
        "parameters": [
          {
            "type": "context.Context",
            "name": "ctx"
          },
          {
            "type": "mpc_transactionspb.ListMPCTransactionsRequest",
            "name": "req"
          },
          {
            "type": "...gax.CallOption",
            "name": "opts"
          }
        ],
        "resultType": "MPCTransactionIterator",
        "client": {
          "shortName": "MPCTransactionClient",
          "fullName": "coinbase.cloud.mpc_transactions.v1.MPCTransactionClient"
        },
        "method": {
          "shortName": "ListMPCTransactions",
          "fullName": "coinbase.cloud.mpc_transactions.v1.MPCTransactionService.ListMPCTransactions",
          "service": {
            "shortName": "MPCTransactionService",
            "fullName": "coinbase.cloud.mpc_transactions.v1.MPCTransactionService"
          }
        }
      },
      "origin": "API_DEFINITION",
      "segments": [
        {
          "start": 18,
          "end": 60,
          "type": "FULL"
        }
      ]
    }
  ]
}